brand_name,website,linkedin_company_url
Dabur Red,https://www.dabur.com,https://in.linkedin.com/company/dabur-india-limited
Dabur Herb'l,https://www.dabur.com,https://in.linkedin.com/company/dabur-india-limited
Babool,https://www.dabur.com,https://in.linkedin.com/company/dabur-india-limited
Meswak,https://www.dabur.com,https://in.linkedin.com/company/dabur-india-limited
Dabur Amla,https://www.dabur.com,https://in.linkedin.com/company/dabur-india-limited
Dabur Almond,https://www.dabur.com,https://in.linkedin.com/company/dabur-india-limited
Dabur Sarson Amla,https://www.dabur.com,https://in.linkedin.com/company/dabur-india-limited
Vatika,https://www.dabur.com,https://in.linkedin.com/company/dabur-india-limited
Anmol,https://www.dabur.com,https://in.linkedin.com/company/dabur-india-limited
Gulabari,https://www.dabur.com,https://in.linkedin.com/company/dabur-india-limited
Fem,https://www.dabur.com,https://in.linkedin.com/company/dabur-india-limited
Oxy Life,https://www.dabur.com,https://in.linkedin.com/company/dabur-india-limited
Dabur Lal Tail,https://www.dabur.com,https://in.linkedin.com/company/dabur-india-limited
Dabur Baby,https://www.dabur.com,https://in.linkedin.com/company/dabur-india-limited
Sesa,https://www.sesacare.com,https://in.linkedin.com/company/sesa-care
Dermoviva,https://www.dabur.com,https://in.linkedin.com/company/dabur-india-limited
Dabur Uveda,https://www.dabur.com,https://in.linkedin.com/company/dabur-india-limited
Parachute,https://www.parachutecoconutoil.marico.in/,https://in.linkedin.com/company/maricolimited
Parachute Advansed,https://www.parachuteadvansed.com/,
Nihar Naturals,https://www.niharnaturals.com/,
Hair & Care,https://marico.com/india/brands,
Livon,https://mylivonmysalon.com/,
Set Wet,https://www.setwet.com/,
Mediker,https://marico.com/india/brands,
Coco Soul,https://marico.com/india/brands,
Beardo,https://beardo.in/,
Just Herbs,https://www.justherbs.in/,
Pure Sense,https://marico.com/brands/pure-sense,
Plix,https://www.plixlife.com/,
Cinthol,https://www.godrejcp.com/,
Godrej No.1,https://www.godrejcp.com/,
Godrej Protekt,https://www.godrejprotekt.com/,
Godrej Expert,https://www.godrejcp.com/,
Nupur,https://www.godrejcp.com/,
Godrej Professional,https://www.godrejprofessional.com/,
Park Avenue,https://www.godrejcp.com/,
KS / Kamasutra,https://kamasutracondoms.in/,
Boroplus,https://boroplushealthyskin.com/,
Navratna,https://www.emamiltd.in/brands/navratna/,
Kesh King,https://www.keshking.com/,
Emami 7 Oils in One,https://www.emamiltd.in/brands/7-oils-in-one/,
Emami Smart and Handsome,https://www.emamiltd.in/brands/smart-and-handsome/,
Dermicool,https://www.emamiltd.in/brands/dermicool-prickly-heat-powder/,
The Man Company,https://themancompany.com/,
Brillare,https://www.brillare.co.in,
Creme 21,https://creme21.in/,
Fiama,https://www.fiama.in/,
Vivel,https://www.vivel.in/,
Superia,https://itcportal.com/itc-businesses/fmcg/Personal-care.html,
Engage,https://www.engageshop.in/,
Savlon,https://www.savlon.in,
Charmis,https://itcportal.com/itc-businesses/fmcg/Personal-care.html,
Dermafique,https://www.dermafique.com/,
Santoor,https://www.santoorstayyoung.com/,
Chandrika,https://wiproconsumercare.com/chandrika/,
Yardley London,https://yardleyoflondon.com/,https://www.linkedin.com/company/yardley-india
Enchanteur,https://enchanteur.in/,https://linkedin.com/company/enchanteur
Aramusk,https://wiproconsumercare.com/aramusk/,
Safewash,https://wiproconsumercare.com/safewash/,
Himalaya,https://himalayawellness.in/,https://in.linkedin.com/company/himalayawellnesscompany
Himalaya Baby,https://himalayababycare.com/,
Himalaya MEN,https://himalayawellness.in/collections/mens-care,
Dant Kanti,https://www.patanjaliayurved.net/category/dant-kanti/22,
Kesh Kanti,https://www.patanjaliayurved.net/category/hair-care/24,
Saundarya,https://www.patanjaliayurved.net/category/skin-care/20,
Patanjali,https://www.patanjaliayurved.net/,https://in.linkedin.com/company/patanjaliayurved
Mamaearth,https://mamaearth.in/,https://in.linkedin.com/company/mama-earth-in
The Derma Co,https://thedermaco.com/,https://www.linkedin.com/company/the-derma-co
Aqualogica,https://aqualogica.in/,
Dr. Sheth's,https://www.drsheths.com/,https://in.linkedin.com/company/drsheths
BBlunt,https://bblunt.com/,https://in.linkedin.com/company/bblunt
Staze,https://www.stazebeauty.com,https://www.linkedin.com/company/staze
Nykaa Cosmetics,https://www.nykaa.com,
Kay Beauty,https://www.kaybeauty.com,https://www.linkedin.com/company/kay-beauty
Nykaa SKINRX,https://www.nykaa.com,
Nykaa Naturals,https://www.nykaa.com,
Nykaa Wanderlust,https://www.nykaawanderlust.com,
Dot & Key,https://www.dotandkey.com,https://in.linkedin.com/company/dot-key-skincare
Kica,https://www.kicaactive.com,https://in.linkedin.com/company/kica-active
Earth Rhythm,https://earthrhythm.com,https://www.linkedin.com/company/earth-rhythm
The Moms Co,https://themomsco.com,https://in.linkedin.com/company/the-moms-co
Sirona,https://thesirona.com,https://in.linkedin.com/company/sironahygiene
mCaffeine,https://mcaffeine.com,
Hyphen,https://letshyphen.com,
Man Matters,https://manmatters.com,
Be Bodywise,https://bebodywise.com/,https://www.linkedin.com/company/be-bodywise
Little Joys,https://ourlittlejoys.com/,
Bare Anatomy,https://innovist.com/,https://in.linkedin.com/company/innovist
Chemist at Play,https://innovist.com/,https://in.linkedin.com/company/innovist
Sunscoop,https://innovist.com/,https://in.linkedin.com/company/innovist
Bajaj Almond Drops,https://bajajconsumercare.com/almond-hair-oil,https://in.linkedin.com/company/bajaj-consumer-care
Bajaj,https://bajajconsumercare.com/,https://in.linkedin.com/company/bajaj-consumer-care
Bajaj Nomarks,https://bajajconsumercare.com/no-marks,https://in.linkedin.com/company/bajaj-consumer-care
Banjara's,https://banjaras.co.in/,
Chik,https://www.cavinkare.com/,https://in.linkedin.com/company/cavinkare
Meera,https://www.cavinkare.com/,https://in.linkedin.com/company/cavinkare
Karthika,https://www.cavinkare.com/,https://in.linkedin.com/company/cavinkare
Nyle,https://www.cavinkare.com/,https://in.linkedin.com/company/cavinkare
Indica,https://www.cavinkare.com/,https://in.linkedin.com/company/cavinkare
Spinz,https://www.cavinkare.com/,https://in.linkedin.com/company/cavinkare
Fairever,https://www.cavinkare.com/,https://in.linkedin.com/company/cavinkare
Raaga Professional,https://www.raagaprofessional.com/,https://in.linkedin.com/company/cavinkare
Margo,https://www.jyothylabs.com/,
Neem,https://www.jyothylabs.com/products/margo/originalneem/,
Fa,https://www.jyothylabs.com/products/fa/,
Everyuth,https://www.everyuth.com/,
Nycil,https://zyduswellness.com/brands/india/nycil/,
Medimix,https://www.cholayil.com/,
Krishna Tulasi,https://www.cholayil.com/,
Boroline,https://boroline.com/,
Keo Karpin,https://keokarpin.com/,
Anchor,https://www.anchoruniversal.com/,
Nirma,https://nirma.co.in/,
Streax,https://www.hriindia.com/,
Lotus Herbals,https://www.lotus.in/,https://in.linkedin.com/company/lotus-herbals
Lotus Make-up,https://www.lotus.in/pages/makeup,https://in.linkedin.com/company/lotus-herbals
Lotus Professional,https://lotus-professional.com/,
Lotus Organics+,https://www.lotus.in/pages/organics,
Lotus Botanicals,https://www.lotusbotanicals.com/,
Biotique,https://www.biotique.com/,https://in.linkedin.com/company/biotique-advanced-ayurveda
VLCC,https://www.vlccproducts.com/,https://in.linkedin.com/company/vlcc-health-care-ltd.
Shahnaz Husain,https://shahnaz.in/,
Jovees,https://www.jovees.com/,https://in.linkedin.com/company/jovees-herbal
Khadi Natural,https://www.khadinatural.com/,https://in.linkedin.com/company/khadinatural
Sri Sri Tattva,https://www.srisritattva.com/,https://in.linkedin.com/company/srisritattva
Kama Ayurveda,https://www.kamaayurveda.com/in,https://in.linkedin.com/company/kama-ayurveda
Fogg,https://www.viniinternational.com/,
Wild Stone,https://mcnroe.com/wild-stone/,https://in.linkedin.com/company/mcnroe-consumer-products-pvt-ltd
Denver,https://denverformen.com/,https://in.linkedin.com/company/vanesa-care-pvt-ltd
Layer'r,https://www.layerr.com/,https://in.linkedin.com/company/adjavis-venture-limited
Wottagirl,https://wottagirl.com/,
Skinn,https://www.skinn.in/,https://in.linkedin.com/company/skinn-by-titan-perfumes
Bella Vita Organic,https://bellavitaorganic.com/,
Bombay Shaving Company,https://www.bombayshavingcompany.com/,https://in.linkedin.com/company/bombay-shaving-company
Ustraa,https://www.ustraa.com/,https://in.linkedin.com/company/happily-unmarried-marketing-pvt-ltd-
Plum,https://plumgoodness.com/,
Pilgrim,https://discoverpilgrim.com/,https://www.linkedin.com/company/discover-pilgrim
Foxtale,https://foxtale.in/,https://www.linkedin.com/company/foxtale-skin
Deconstruct,https://thedeconstruct.in/,https://www.linkedin.com/company/the-deconstruct
Re'equil,https://www.reequil.com/,https://www.linkedin.com/company/reequilindia
WOW Skin Science,https://www.wowskinscience.com/,https://www.linkedin.com/company/buywow
Juicy Chemistry,https://juicychemistry.com/,https://www.linkedin.com/company/juicy-chemistry
Arata,https://www.arata.in/,https://www.linkedin.com/company/aratazerochemicals
Vilvah,https://www.vilvah.com/,https://www.linkedin.com/company/vilvah
Traya,https://traya.health/,https://www.linkedin.com/company/trayahealth
Perfora,https://perforacare.com/,https://www.linkedin.com/company/perforacare
Pee Safe,https://www.peesafe.com/,https://www.linkedin.com/company/peesafe
Everteen,https://everteen.in/,
Paree,https://soothehealthcare.com/,
SUGAR,https://www.sugarcosmetics.com/,
SUGAR POP,https://www.sugarcosmetics.com/collections/sugar-pop,
Swiss Beauty,https://swissbeauty.in/,
Insight,https://www.insightcosmetics.in/,
Blue Heaven,https://esmeconsumer.in/blue-heaven,
Colorbar,https://colorbarcosmetics.com/,https://in.linkedin.com/company/colorbarcosmetics
Faces Canada,https://www.facescanada.com/,https://in.linkedin.com/company/faces-cosmetics-india-ltd
Renee,https://www.reneecosmetics.in/,https://in.linkedin.com/company/renee-cosmetics
Mars,https://marscosmetics.in/,https://in.linkedin.com/company/mars-cosmetics
Recode,https://shop.recodestudios.com/,https://in.linkedin.com/company/recodestudios
La Shield,https://www.lashield.com/,
Scalpe,https://www.scalpecare.com/,
Suncros,https://sunpharma.com/,
Venusia,https://www.drreddysvenusia.com/,
Acnestar,https://www.acnestar.com/,
Manforce,https://www.manforcecondoms.com/,
Skore,https://skorecondoms.com/,
Mother Sparsh,https://mothersparsh.com/,https://in.linkedin.com/company/mother-sparsh
Mee Mee,https://meemee.in/,
Kimirica,https://kimirica.com/,https://in.linkedin.com/company/kimirica
Soulflower,https://www.soulflower.in/,https://in.linkedin.com/company/soulflowerindia
